image_name,labels,questions,answers
train_0,haze primary,Provide details about the activities or features visible in the region at the center-bottom of the image.,"The image depicts primary forest. It seems that it is captured in hazy weather. In the center-bottom of the image, there is densely forest with green trees. It is diffifult to tell the exact information in this kind of hazy weather. "
train_1,agriculture clear primary water,Describe the types of land use found at the center-bottom of the image.,"From the center top  to center bottom of image shows a body of water, such as a river, or lake. "
train_2,clear primary,Describe the region located at the center of the image.,The satellite image you have provided shows an area completely covered with dense primary forest under clear skies.
train_3,clear primary,Summarize the visual content of the region in the the bottom of the image.,The requested area of satellite image you provided depicts an area entirely blanketed in dense primary forest beneath clear skies.
train_4,agriculture clear habitation primary road,Describe the runs vertically through the middle of the image,"The image shows a primary road running from the top-middle to the bottom-middle, passing through agricultural land near the bottom and primary forest at top. In the bottom, near the road, a small habitation is visible, with fields extending on left side. The right side of the road is comletely covered with densely primary forest. "
train_5,haze primary water,Create a compact narrative representing the region in the middle of the top half of the image.,"This image portrays a primary forest during a misty day. The dense green trees are prominently visible in the middle of the top half section. Also, it seems there is water way like lake or river. The haze makes it hard to see specific details."
train_6,agriculture clear cultivation primary water,Describe the region located at the bottom-left of the image. What is desribed in middle-top of the image? ,"The bottom-left of the image displays a cultivated area which is human-induced deforestation activity. Also, agriculture can be seen in middle-top of the image as well as water way like river or lake is represented in bottom-right of the image. Other part of the image is primary forest with clear weather. "
train_7,haze primary,Provide a brief description of the area in the top-right corner of the image.,The photo shows a primary forest enveloped in haze. The dense greenery of the trees is most noticeable in the top-right of the image. The hazy conditions make it difficult to identify exact details
train_8,agriculture clear cultivation primary,Provide a brief description of the area in the center of the image.,"The center of the image shows a cultivated area, indicating human-induced deforestation. Agricultural activities are visible in the middle-top section. The rest of the image consists of primary forest in the bottom with clear skies."
train_9,agriculture clear cultivation primary road,Offer a succinct explanation of the bottom-center of the image.,"The image features a main road stretching from the middle to the bottom-middle, traversing agricultural and cultivation land near the bottom. The top side of the road is entirely covered by dense primary forest."
train_10,agriculture clear primary slash_burn water,Describe the region located at the right-center of the image.,"The image illustrates slash-and-burn agriculture, a key cause of deforestation. Shifting cultivation patches show dark brown or black areas, indicating recent burns, particularly in the right-center of the image. Also, the image captured in clear weather consisting waterway, agriculture, some primary forest. "
train_12,cloudy,Describe the region located at the center of the image.,This region is mainly covered with densely clouds which makes difficult to tell the details of the image. Other parts seem to be primary forest.
train_13,clear primary,Give a short and clear explanation of the designated region in the top-right corner of the image.,"The satellite image you shared reveals not only in top-right corner region, but fully covered with dense primary forest under clear skies."
train_15,clear primary,Share a concise interpretation of the specific part of the image located at the center.,"In the satellite image you supplied, the area is completely shrouded in dense primary forest, with clear skies above"
train_16,clear primary,Present a compact description of the key features in the region at the top-center of the image.,"The area shown in the satellite image is entirely covered by dense primary forest under clear, open skies."
train_17,partly_cloudy primary,Render a clear and concise summary of the center-top of the image.,"The image captures a primary forest under a mix of partly cloudy weather and clear skies. Some clouds are visible in the top-center of the image, illustrating elements of partly_cloudy and primary."
train_19,agriculture clear primary road,Summarize the visual content of the region in the top-left corner of the image.,"A primary road runs from the top-right to the bottom-center of the image, splitting into two sections near the middle, cutting through agricultural areas. The middle-right side of the this satellite image has  a small area covered trees. Other whole part is entirely human activity, seemed to be used for agricultural purposes."
train_21,clear primary road water,"Explain the characteristics of the land cover in the designated area at the top-left corner of the image.""","A body of water, possibly a river or lake, runs from the top-left corner to the bottom-right corner of the image. The image is captured in clear weather, other part covered with primary forest. "
train_22,partly_cloudy primary,Write a terse but informative summary of the marked area at the center-left of the image.,"This picture depicts a primary forest with a combination of clear skies and some clouds. The clouds are located in the left-center, and the image highlights elements of partly_cloudy and primary forest."
train_23,agriculture clear primary road,Give a short and clear explanation of the designated region in the right-middle area of the image.,"In the image, a main road extends from the top-right to the middle, passing through farmland near the bottom and primary forest near the top, drawing a 3 sided rectangular shape. The most of the land is covered with the area used for agricultural human activity which drives the deforestation in the given stellite image. "
train_24,conventional_mine partly_cloudy primary,Create a compact narrative representing the region in the left of the top half of the image. Describe other parts as well. ,"This photograph portrays a primary forest with both clear skies and scattered clouds. The left of the top half area of the image features some clouds, indicating partly_cloudy and primary elements. Conventional mining activity lays in right side of the image covering around 65 percent of the image."
train_26,cloudy,Provide a brief description of the area in the top-right corner of the image.,"Dense clouds dominate this region, making it hard to discern image details. "
train_27,agriculture partly_cloudy primary water,Identify and describe the classes present in the center and  right-center of the image.,"The scene shows a primary forest under partially cloudy, most part of water way, partial agirculture activity and clear skies. Clouds are seen in the top-right, combining the elements of partly_cloudy, water, agriculture and primary forest."
train_30,clear primary water,Provide details about the activities or features visible in the region at the top half of the image.,"The image shows a water body, possibly a river or lake, flowing in top-half of the image. The remaining bottom-left area is primary forest, captured under clear weather conditions."
train_31,clear cultivation primary,Offer a succinct explanation of the top-right and top-left of the image.,"In the top-right and the top-left of the image, there is a cultivated regions representing human-induced deforestation. The remaining area is primary forest with clear weather conditions."
train_33,agriculture cultivation partly_cloudy primary,Summarize the visual content of the region in the top-right corner of the image.,The image features a cultivated area and agricultural fields in the bottom-left. The rest of the scene is primary forest with clear skies and partial cloudy weather.
train_40,agriculture clear cultivation primary,Describe the types of land use found at the top and middle-bottom of the image.,"At the top of the image, there's a  wide cultivated area and agriculture activity showing human-induced deforestation. Aslo, the middle-bottom shows agricultural activity. The other parts are primary forest with clear weather. The most part of the image represents deforestation. "
train_43,bare_ground haze,Identify and describe the classes present in the bottom-right corner of the image,"In this hazy weather image, a bare-gorund is depicted. The haze limits the visibility of precise details"
train_46,bare_ground clear habitation primary,Write informative summary of the marked area at the center of the image.,"The image depicts an area dominated by bare ground with minimal vegetation, suggesting a landscape that has been cleared or naturally lacks dense cover. In the upper-right corner, there is a small habitation visible, indicating some human presence or activity in this otherwise open area. The rest of the scene appears mostly barren, with no significant signs of primary forest or natural vegetation, highlighting the stark contrast between the habitation and the surrounding bare ground. The clear conditions allow for a clear view of the landscape, emphasizing the sparsity of natural cover."
train_47,clear primary water,Identify and describe the elements visible laying from the top-left corner to middle-bottom of the image.,"From the top-left to the bottom-middle corner, a body of water, potentially a river or lake, cuts through the image. The other parts are covered with primary forest, and the weather is clear."
train_50,cloudy,Offer a succinct explanation of the bottom-center of the image.,"This area is mainly shrouded in thick clouds, which obscure the satelllite image's details."
train_52,agriculture clear habitation primary road water,Create a compact details representing the region in the top-left corner and the middle of the image.,"In the top-left corner and the center of the satellite image, there is a mix of agricultural land and clear areas, suggesting human activity and land use. A small habitation is present, likely a rural settlement, connected by a primary road that runs through the area. Adjacent to this development is a body of water, such as a river or lake, which may play a role in the local agriculture and settlement patterns. The rest of the scene retains some patches of primary forest, indicating a balance between natural and developed landscapes."
train_55,partly_cloudy primary road water,Describe the types of land use found at the center-top of the image.,"The image depicts a section of dense forest with a winding dirt road or path cutting through the greenery. The road is clearly visible as a light-colored, linear feature contrasting with the dark green of the surrounding vegetation. A few scattered clouds partially obscure some areas of the forest, adding a soft, white blur over parts of the image. The overall setting suggests a remote, natural area with limited human impact, aside from the visible path."
train_57,artisinal_mine bare_ground clear primary water,Describe the region located at the center of the image.,"We can see artisinial mining in the center of the image. This phenomen occurs in bottom-left near middle of the image also.  There is also bare ground in the right-middle, some water area like river or lake in the bottom-right corner. This image is a low-resolution photograph of natural landscape including some primary forest in the middle-near-to-left, taken in clear weather."
train_58,agriculture clear primary road,Share a concise interpretation of the specific part of the image located in the left-half of the image.,"The image shows a primary road running from the left-center to the top-center, crossing agricultural land in the left half of the satellite photograph. The right half of the image is densely covered with primary forest under clear skies."
train_59,agriculture clear habitation primary road,Present a compact description of the key features in the region at the top-center of the image.,"A central road runs horizontally across the middle of the image, intersecting agricultural areas throughout the entire scene, except for a rectangular section of primary forest near the top-middle. A small settlement is visible along the road. The rectangular area in the top-middle is entirely covered with dense forest."
train_67,clear habitation primary road,Render a clear and concise summary of the right of the image.,"The image shows a network of roads intersecting throughout a semi-urban area. A primary road runs diagonally from the top-middle to the bottom-right, with several smaller roads branching off. The roads connect various habitations, which are scattered across the area, primarily in clusters. There are visible patches of agricultural land, particularly in the lower-left and upper-left sections of the image, indicating a mix of cultivated fields and developed areas. The habitation areas are interspersed with green spaces, and the overall landscape reflects a blend of residential and agricultural land use. We can also see small primary forest in center-right and top-left area. "
train_68,cloudy,Give a short and clear explanation of the designated region in the bottom-right corner of the image.,"With dense clouds covering most of the region, it's difficult to make out the image's details. The visible sections appear to be primary forest."
train_70,blooming clear primary,Describe the patterns region located at the top-rigth of the image.,The top-right area of the given staellite image presents blooming of the plants which natural phenomen occurs in forests. The other part of the image shows densely primary forest with clear weather. 
train_71,clear primary water,What is described in bottom left and top left of the image? ,"There is a water way at bottom left and top left of the image, which is surrounded by primary forest. The weather is clear."
train_72,cloudy,Share a concise interpretation of the specific part of the image located at the center.,"Dense clouds cover most of this region, hiding the finer details of the image."
train_74,agriculture partly_cloudy primary road,Explain the characteristics of the land cover in the designated area at the top-left and center of the image.,"The image illustrates a primary forest with a blend of partly cloudy skies, agriculture activity which is key factor to deforestation and road in the middle. Clouds appear in the top-left, embodying elements of partly_cloudy and primary forest."
train_75,agriculture clear primary road water,Write a terse but informative summary of the marked area at the center of the image.,"The image shows a winding, light-colored feature cutting through dense forest, likely a dirt path or road rather than a waterway, due to its uniform width and clear edges. There is small water ways in bottom-half of the image. The surrounding area is densely forested, with the path standing out as the most prominent feature."
train_79,clear cultivation primary,Give a detailed and clear explanation of the designated region in the middle-left corner of the image.,"In the middle-left corner, the image displays a cultivated area, evidence of human-induced deforestation. The other areas are primary forest under clear weather.
"
train_80,agriculture partly_cloudy primary road,Write informative summary of the marked area at the vertival center of the image.,"The image shows a partly cloudy scene with a single road running vertically from the top to the bottom center. The road cuts through a predominantly agricultural landscape, with fields visible on both sides. Some patches of darker vegetation can be seen, possibly indicating denser growth or areas of shadow, particularly in the right half of the image. The clouds partially obscure some parts of the land, but the overall view reveals a rural setting with a mix of cultivated fields and natural areas."
train_82,blooming clear cultivation habitation primary slash_burn,Provide a brief description of the area in the cenetr of the image.,"The image depicts a slash-and-burn agricultural practice, a significant driver of deforestation, with dark brown or black patches from recent burning in the center. Captured in clear weather, it also shows a blooming, cultivation, and some primary forest. There is few habitation in the middle of the image, but it is difficult to spot. "
train_84,agriculture clear habitation primary road,"Create a wider explanation representing the region in the bottom-left half of the image.""","The image depicts a road runs horizontally across the lower part of the scene, stretching from left-middle to bottom-center. To the left of the road, there are patches of agricultural land, indicating areas of human activity. Near these fields, small habitations are visible, suggesting rural settlements. The right side of the image is dominated by dense forest, with the transition from forest to deforestation clearly visible. The overall setting shows a blend of human activity and natural vegetation."
train_85,clear primary water,Render a clear and concise summary of the the patterns stretching from center-right to top-left of the image.,"Stretching from the top-left to the center-right of the image is a water body, like a river or lake. The remainder of the image shows primary forest, and the weather is clear."
train_87,cloudy,Present a compact description of the key features in the region at the top-center of the image.,"Most of the region is enveloped in dense clouds, obscuring image details. The remaining visible sections appear to be primary forest."
train_92,agriculture clear habitation primary road,Identify and describe the classes present in the top-left corner of the image.,"In the top-left corner of the image, there is a combination of agricultural land and what appears to be some small patches of habitation. The agricultural fields are likely used for farming or grazing, with clear boundaries separating different sections of land. There is also a road visible in this section, which cuts across the landscape, likely serving as an access route to the fields or connecting to other parts of the area. The overall scene suggests a rural environment with a mix of agricultural in majority part and small forest areas in the bottom-right and top-right."
train_94,agriculture clear habitation primary road,Describe the land use types visible at the top-center of the image.,"The image shows a rural landscape where agriculture is the dominant land use. There are clear, open fields likely used for farming or grazing, interspersed with patches of primary vegetation. A road runs through the area, connecting scattered habitations that are visible as small clusters or individual buildings. The overall scene reflects a mix of agricultural activity, human settlement, and remnants of natural vegetation, with the road serving as a key connector between these different elements. The clear conditions allow for a detailed view of the landscape's layout and use."
train_100,bare_ground clear water,Create a compact narrative representing the region in the bottom-left of the image.,"The image shows a large body of water dominating the right side of the scene, with clear skies above. In the lower left corner, there is a small patch of bare ground visible, possibly an area of exposed earth or a shoreline. The contrast between the expansive water surface and the minimal bare ground area highlights the dominance of the water feature in the landscape. The clear conditions provide a sharp view of both the water and the small section of land."
train_101,cloudy,Render a clear and concise summary of the center-right of the image.,"Dense clouds primarily cover this area, making it hard to discern specific details. The uncovered parts seem to indicate primary forest."
train_103,agriculture clear habitation primary road water,Explain the land cover characteristics in the top-right section of the image.,"The image shows a large body of brownish water occupying the lower left portion, with a strip of land and habitation running along the shoreline in the upper right. This land area appears to be a mix of cleared and vegetated sections, suggesting agricultural activity. Small white structures, likely habitation, are scattered near the shore, indicating human settlement. The primary road is not distinctly visible in this image, but the arrangement of the features suggests it might be present along the cleared or vegetated areas close to the water's edge. The landscape is predominantly rural with signs of both natural and human-made elements."
train_108,cloudy,Create a compact narrative representing the region in the middle of the top half of the image.,"The region is predominantly covered with thick clouds, hiding the image's details."
train_121,partly_cloudy primary water,Create a compact narrative representing the region in the middle of the top half of the image.,"Captured in a mix of clear skies and partly cloudy weather, this image showcases huge water way like lake or river and a primary forest. The top-left displays some clouds, representing partly_cloudy and water."
train_123,agriculture bare_ground clear habitation primary road,Identify and describe the features present in the right side of the image.,"The image shows a rural landscape where a primary road runs diagonally through the scene, cutting through areas of dense vegetation and connecting several habitations. There are patches of bare ground visible, likely cleared areas near the habitations or along the road. Agricultural fields are evident in the upper part of the image, where the land appears. The habitation structures are scattered along the road, with some buildings more clearly visible near the center of the image. The overall landscape reflects a mix of natural forest, human settlement, and agricultural activity, with the road serving as a key feature linking these elements."
train_124,bare_ground clear primary,Describe the image in detail.,"The image depicts a landscape under clear conditions, with primary forest dominating most of the scene. There are small patches of bare ground scattered throughout the forest, which may indicate cleared areas or natural clearings. The bare ground is minimal, with the dense forest cover remaining largely intact. The overall scene suggests a natural environment with only minor disruptions in the form of these scattered clearings."
train_126,agriculture clear primary road,Detail the area located in bottom and left side  of the image.,"The image shows a predominantly agricultural landscape with large, clear fields. In the center of the scene, there is a small, isolated patch of dense vegetation, likely a remnant of primary forest, standing out against the surrounding cleared land. The fields are vast and open, indicating extensive cultivation, but no primary road is immediately visible within this particular image. The scene emphasizes the dominance of agricultural activity, with only a small area of natural vegetation remaining amidst the expansive farmland."
train_129,agriculture clear primary,Give a brief overview of the section in the lower part of the image.,"The lower part of the image displays a landscape where agricultural fields border a dense area of primary forest. The fields are clearly delineated, with different plots showing varying stages of cultivation or possibly differing crop types. The forested area is dark green, indicating a thick canopy, and it forms a sharp boundary with the cultivated land. The scene emphasizes the transition from managed farmland to untouched forest."
train_131,agriculture clear primary road water,Provide a short explanation of the top-left area in the image.,"The image features a landscape with agricultural fields spread across the area. A primary road runs through the scene, connecting different parts of the landscape, likely facilitating access to the agricultural zones. On the right side of the image, a body of water is visible, forming a natural boundary to the cultivated land. The water appears muddy, suggesting it might be a river or a lake with sediment. The overall scene highlights the interaction between agriculture, infrastructure, and natural water resources under clear skies."
train_142,agriculture clear habitation primary road,Summarize the key elements of the region in the top-left part of the image.,"The image displays a landscape where several small, winding paths or roads converge, creating a network that cuts through a predominantly agricultural area. The land appears mostly cleared for agriculture, with patches of vegetation still present, likely remnants of primary forest. The fields are irregularly shaped, and the darker green areas suggest either denser vegetation or possibly areas of less intensive farming. There is a small structure located near the center, indicating some form of habitation or agricultural building. The scene reflects a rural area with a mix of cultivated land and remaining natural vegetation, connected by a network of narrow roads."
train_144,agriculture partly_cloudy primary selective_logging,Describe the types of land use found in the middle of the image. Also what cen be seen in bottom-left and top-right of the given image.,"The image displays a primary forest with clear skies interspersed with some clouds. The clouds are located in the left bottom-left and top-right corners, highlighting partly_cloudy and primary aspects. The presence of agriculture and selective logging activities is causing substantial deforestation in the region."
train_148,agriculture clear cultivation primary water,Share a concise interpretation of the specific part of the image located in the bottom-left and middle-right.,"The image features a cultivated area in the bottom-left, indicating human-induced deforestation. Agricultural activities are evident in the middle-right, with a waterway, like a river or lake, runs from the middle-left to middle-right near top-right. The remaining portions of the image are primary forest under clear weather."
train_151,agriculture clear cultivation primary selective_logging,Present a compact description of the key features in the region at the top-right corner of the image.,"The top-right corner of the image depicts a cultivated area and agriculture activity, a result of human-induced deforestation. The rest of the image is primary forest and selective logging with clear weather."
train_157,agriculture partly_cloudy primary,Provide details about the activities or features visible in the region at the -bottom-left of the image. Give details about rigth-center also.,"The image shows a primary forest under clear skies with some clouds in the bottom-right corner. This partly_cloudy setting, combined with human activities like agriculture highlights primary aspects and significant deforestation."
train_158,agriculture clear primary water,Offer a concise description of the region in the left half of the image.,"The image captures a landscape where agricultural fields in the left half area are juxtaposed with a dense area of primary forest. The forest occupies the right side of the image, with its dark green hue contrasting sharply with the lighter, cleared fields on the left. A narrow water body, possibly a stream or small river, runs through the cleared land, dividing the agricultural area and the forest. The water appears dark, likely due to the shadow cast by the surrounding vegetation or the depth of the water. The scene illustrates the interaction between human agricultural activities and the natural environment, with water serving as a natural divider between the cultivated land and the untouched forest."
train_159,agriculture clear primary road,Interpret the specific area located at the center of the image in a detailed statement.,"The image shows a landscape where agricultural fields are adjacent to a dense area of primary forest. The forest is located on the right side, with its dark green color contrasting against the lighter, cleared agricultural fields to the left. The cleared area appears to have irregular boundaries, suggesting varying levels of cultivation or possibly deforestation. A primary road is visible, running along the edge of the forest and providing access to the agricultural fields. The scene highlights the clear division between the natural forest and the human-modified agricultural land, connected by the road that serves as a boundary between these two types of land use."
train_162,agriculture partly_cloudy primary,Write a terse but informative summary of the area at the bottom-center and top-left of the image.,"This picture depicts a primary forest with clear skies and clouds positioned in the top-left and right-center sides. Partly_cloudy weather and human activities, including agriculture contribute to deforestation."
train_166,clear primary road selective_logging water,Present a detailed description of the key features in the region at the top-center of the image.,"A body of water, possibly a river or lake, crosses the image through the top of the image, with primary forest covering the other parts in clear weather. We can see some selective loggin as well around the middle area of the image. "
train_167,agriculture habitation partly_cloudy primary road,Describe the activities or features evident in the center region of the image.,"The image displays a landscape with a mix of agricultural fields and dense primary forest. A clear demarcation between the cultivated land and the forested area is visible. A small cluster of structures, indicating habitation, is situated near the center, where the agricultural land meets the forest. The presence of a primary road is suggested by the linear divisions between the fields, likely running alongside the edge of the forest. The sky above is partly cloudy, with a few clouds casting shadows on the land below. The scene highlights the contrast between human-altered agricultural land and the untouched primary forest."
train_168,cloudy,Summarize the visual content of the region in the top-left corner of the image.,"The region is largely covered with dense clouds, obscuring the details of the image. The other areas appear to be primary forest"
train_171,agriculture clear primary road,Deliver a compact outline of the main features in the upper part of the image.,"The image depicts a landscape where a dense primary forest occupies the lower portion, contrasting with the lighter, cleared agricultural fields above it. A primary road is visible, curving through the cleared area and running alongside the boundary between the forest and the fields. The road serves as a clear dividing line between the natural, untouched forest and the human-altered agricultural landscape. The scene highlights the sharp contrast between the dense, dark green forest and the lighter tones of the cultivated land, emphasizing the impact of human activity on the environment."
train_174,cloudy,Describe the types of land use found at the center-top of the image.,"With dense clouds covering most of the region, it's difficult to make out the image's details."
train_185,agriculture artisinal_mine clear cultivation habitation primary road water,"Relay a brief, clear account of the center of the image.","The main part of the image represents a cultivated area, artisinal mining, habitation human-induced deforestation. Agricultural fields are seen in the middle, and a waterway, either a river or lake, is in the middle-left. The other sections of the image are primary forest with clear skies."
train_187,artisinal_mine clear primary road,Provide a brief description of the area in the top-right corner of the image.,"The image shows artisinal mining in the whole right side of the image, with similar activity occurring in the bottom-left corner. There isroad in the right-middle.  This low-resolution photograph of a natural landscape includes some primary forest in the left side, taken in clear weather."
train_202,clear habitation road,Identify and discuss the categories present in the bottom-right section of the image.,"The image depicts a densely populated urban area with a clear grid-like pattern of roads running throughout. The scene is dominated by habitation, with numerous buildings and structures closely packed together. The roads are well-defined, crisscrossing the entire area and providing clear boundaries for residential and commercial zones. The sky above is clear, with no visible cloud cover, allowing for a sharp view of the urban layout below. The overall impression is of a well-organized, developed area with significant human presence and infrastructure."
train_207,bare_ground clear primary road,Provide details about the activities or features visible in the region at the bottom-left of the image.,"The image shows a landscape dominated by bare ground, with a clear view of a primary road running diagonally through the scene. The road cuts across the mostly barren terrain, which appears to have minimal vegetation, possibly due to natural conditions or land clearing. There are small patches of greenery visible, but the area is predominantly characterized by exposed earth. The clear weather allows for an unobstructed view of the road and the surrounding landscape, with no significant signs of dense forest or primary vegetation. The overall scene suggests a dry or sparsely vegetated area, with the road serving as a prominent feature in the landscape."
train_211,clear habitation primary road,Create a concise narrative of the region located in the bottom-middle part of the image.,"The image shows an urban area with a clear pattern of habitation, where buildings and houses are densely clustered. A primary road runs prominently through the scene, dividing the area into distinct sections. The road serves as a major thoroughfare, with smaller streets branching off it, connecting various parts of the settlement. The sky is clear, allowing for an unobstructed view of the urban landscape. There is a mix of both densely built-up areas and patches of greenery, indicating a blend of residential zones with some natural spaces."
train_213,agriculture clear primary road water,Relay a succinct account of the right section of the image.,"The image shows a landscape where a winding waterway flows through an area of mixed land use, with agricultural fields and patches of dense primary forest. The waterway, possibly a river or stream, meanders through the scene, forming a natural boundary between the forested and agricultural areas. A primary road is visible, running parallel to the waterway and providing access to both the cultivated land and the forest. The cleared areas indicate agricultural activity, while the darker green sections represent the dense forest. The scene highlights the interaction between natural water resources, human infrastructure, and land use in a rural setting."
train_215,haze primary water,"Relay a brief, clear account of the bottom and center which is close to the right  of the image.",A water way like river or lake is described in the bottom and right-center of the image. The hazy conditions make it difficult to identify exact details.
train_217,bare_ground clear primary,Explain the characteristics of the land cover in  the image,"The image shows a landscape predominantly characterized by bare ground, with large expanses of exposed earth visible throughout the scene. There are some areas of primary forest along the edges of the image, where the dense greenery contrasts with the surrounding barren land. The clear conditions allow for a clear view of the transition between the forested areas and the bare ground. The overall scene suggests a region where the land has been significantly cleared or naturally lacks vegetation, with only small patches of primary forest remaining intact along the periphery."
train_225,agriculture clear cultivation habitation primary road,Write a brief but informative account of the bottom-left and the middle area of the image.,"The image shows a landscape characterized by a mix of agricultural fields and patches of primary forest. Cultivated areas are interspersed with greenery, suggesting a balance between natural vegetation and land used for farming. A primary road runs through the bottom-left of the scene, with habitation visible along its edges, indicating a rural community. The road connects various agricultural plots and residential areas, creating a network within the landscape. The sky is clear, allowing for a detailed view of the land's use, where farming, habitation, and natural forest coexist."
train_228,agriculture haze primary road water,"Relay a brief, clear account of the bottom-left corner of the image.","This image portrays a primary forest during a misty day. The dense green trees are prominently visible in the center-bottom section, with a road cutting through the middle. A waterway is visible on the left side, stretching from the left-center to the bottom-left. The haze makes it hard to see specific details."
train_230,agriculture bare_ground habitation partly_cloudy primary road,Describe the types of land use found at the center-left of the image.,"The image shows a semi-urban landscape under partly cloudy skies with some bare ground fields. A primary road runs diagonally through the scene, intersecting areas of habitation and agricultural fields. The habitation areas are clustered along the road, with structures visible amidst patches of bare ground. Agricultural fields are spread out in a checkerboard pattern, interspersed with the developed areas. The clouds cast shadows over parts of the landscape, adding some variability to the lighting. The overall scene reflects a mix of rural and urban elements, with the road serving as a central feature connecting the different land uses."
train_237,artisinal_mine clear primary road water,Offer a detailed explanation of the bottom half of the image.,"Artisinal mining is visible in the bottom half of the image, as well as in the top-right. Road appears in the left-middle and continues until the middle of the image making ""fishbone"" scene by splitting into several smalls roads when it reaches to the middle of the landscape.A water area, like a river or lake, is in the bottom-right corner. The image, taken in clear weather, is a low-resolution photograph of a natural landscape that includes primary forest in the top-left corner."
train_239,bare_ground clear primary water,Provide a brief description of the area in the top of the image.,"The image shows a landscape under clear conditions, with a mix of dense primary forest and areas of bare ground. The bare ground is visible near the top of the image, possibly indicating land that has been cleared or naturally lacks vegetation. In contrast, the lower portion of the image is covered by primary forest, with a few small water bodies scattered throughout the greenery. The water bodies are partially surrounded by vegetation in the middle-rigth, blending into the natural landscape. The scene presents a contrast between the intact forest and the exposed earth, highlighting the transition from natural to altered terrain."
train_241,agriculture haze primary road,"What is described in bottom-left of the image, tell me the thing lays from top-center to left-center of the image? ","It seems the image contains primary forest with hazy weather. There is a road in the bottom-left of the scene. Also, a road is described which lays from top-center to left-center of the image."
train_245,clear primary blooming,Can you detail the region displaying patterns located at the center of the image?,"In the middle section of the satellite image, the blooming of plants, a natural phenomenon in forests, is visible. The rest of the image displays a dense primary forest under clear skies."
train_247,agriculture clear cultivation habitation primary road selective_logging,Describe the types of land use found at the center and bottom-left of the image.,"The image shows an area under a clear sky, with dense forest covering most of the scene. A road cuts through the bottom-left corner, leading to a small habitation area surrounded by agricultural fields. The fields indicate cultivation activity, likely supporting the local settlement. A narrow, lighter-colored path can be seen cutting through the forest, suggesting selective logging activity. This logging trail winds its way from the road into the dense vegetation, indicating some level of resource extraction within the forested area. The combination of these features reflects a landscape where human activities such as agriculture and logging are integrated with natural forested areas."
train_255,agriculture clear habitation primary road,Summarize the key details of the center area of the image.,"The image depicts a landscape where a primary road cuts horizontally across the center of the scene, dividing areas of agriculture and habitation. On one side of the road, small structures indicative of habitation are clustered together, surrounded by patches of cultivated land. The other side features more natural, possibly uncultivated, areas with denser vegetation. The scene suggests a rural setting with clear skies, where human settlement and agricultural activities are closely linked to the road network. The overall layout emphasizes the relationship between infrastructure and land use in the area."
train_258,clear habitation primary road,Deliver a compact outline of the main features in the bottom-right region of the image.,"The image shows a landscape where a network of roads is laid out in a grid pattern, suggesting a planned area for habitation, which is particularly visible in the bottom-right corner. The roads divide the land into distinct plots, likely for future development or agriculture. The top part of the image is dominated by dense primary forest, contrasting sharply with the cleared land below. The overall scene highlights the transition from untouched natural areas to planned human settlement under clear skies, with the primary road network serving as the framework for this development."
train_268,agriculture clear habitation primary road,Interpret the specific area located at the top and bottom of the image in a brief statement.,"The image displays a landscape where a road runs diagonally through the scene, cutting across a mix of dense primary forest and cleared areas. The forested region is dark green and occupies a significant portion of the image, while the surrounding areas show signs of deforestation or agricultural activity, with lighter patches of land. The road serves as a dividing line between these contrasting landscapes, indicating human impact on the natural environment. The clearings near the road suggest possible habitation or farming activities. The image captures the interplay between natural forest and human-modified land."
train_274,artisinal_mine clear primary road water,Summarize the visual content of the region in the bottom of the image.,"We can see artisinal mining, which occurs in nearly whole wide of the image. The right half section shows several small roads, while the top-left corner features a water body, possibly a river or lake. This low-resolution photograph captures a natural landscape with very few  forest trees in the left-middle, taken on a clear day. This image reperents deforestation in majority part of the landscpae. 
"
train_281,clear primary selective_logging,Explain the characteristics of the land cover in the designated area at the right corner of the image.,"The image shows an area under a clear sky, dominated by dense primary forest. Within the forest, subtle lighter paths can be seen, indicating selective logging activity. These trails are sparse and blend into the forest canopy, suggesting minimal disruption. The overall landscape remains largely intact, with the selective logging areas not significantly altering the vast expanse of primary forest. The image reflects a natural environment with limited human intervention."
train_286,agriculture artisinal_mine clear primary water,Give a detailed and clear explanation of the designated region in the center of the image.,"The center of the image displays artisinal mining. The bottom-left part presents agriculture activity, and there's a water body, like a river or lake, in the same place. This low-resolution photograph of a natural landscape, taken in clear weather, includes some primary forest in the right half of the scene."
train_311,agriculture clear habitation primary road,Give me a concise description of the region in the top-right of the image.,"The image presents a landscape where agricultural fields and areas of habitation are interspersed in the top-right corner, with patches of dense primary forest. A primary road runs through the scene, connecting various parts of the landscape, including fields and settlements. The agricultural land is clearly visible, with defined plots, while the forested sections appear as dark green patches, indicating the presence of natural vegetation. The habitation areas are scattered near the road, suggesting a rural community reliant on both farming and the natural environment. The overall scene highlights the interaction between human activities and the surrounding natural landscape."
train_315,agriculture haze primary road,Write a terse but informative summary of the marked area at the center-left of the image.,"Captured in hazy weather, this image depicts a primary forest. The central-left part is densely packed with green trees, intersected by a road. On the bottom side, an agriculture activity can be detected runs from the bottom-right to the bottom-center. The haze obscures clear identification of the details."
train_394,blooming clear primary,Provide a description of the patterned section found in the image's left-middle area.,"The satellite image's left-middle area reveals the blooming of plants, a common forest phenomenon, while the other sections depict dense primary forest under clear conditions."
train_406,agriculture haze primary water,Present a compact description of the key features in the region at the center of the image.,"The picture shows a primary forest under hazy weather conditions. The center of the image is filled with dense green trees, and a water way runs through the center. Due to the haze, it's challenging to discern detailed information."
train_408,blooming clear primary,Could you elaborate on the pattern-rich region positioned at the center of the image?,"In the center part of the image, the satellite captures the blooming of plants, a natural forest occurrence. The rest of the image is covered by dense primary forest in clear weather."
train_418,bare_ground clear primary water,Offer a detailed explanation of the bottom of the image.,"The image shows a landscape featuring a prominent body of water, likely a river, flowing through an area characterized by both bare ground and patches of primary forest. The water has a muddy appearance, suggesting sediment or runoff. The bare ground surrounds the river, with areas of exposed earth likely resulting from erosion or land clearing. In contrast, the primary forest stands as dense green patches adjacent to the water, highlighting the natural vegetation that remains intact. The clear conditions provide a sharp view of the contrasting elements: the flowing water, the bare ground, and the preserved forest. The scene presents a mix of natural and altered landscapes."
train_430,agriculture blooming clear cultivation primary,Describe the area with patterns that lies in the right-middle segment of the image.,"The right-middle portion of the satellite image displays blooming plants, a natural event in forests. The bottom-right and top-right near the center of the image shows human activities like agriculture and cultivation, whereas the other regions show dense primary forest with clear skies. "
train_448,agriculture artisinal_mine clear primary road water,Share a concise interpretation of the specific part of the image located at the top half.,"Artisinal mining can be seen in the top half of the image. The middle section features bare ground, and  a water body such as a river or lake. This is a low-resolution photograph of a natural landscape with some primary forest in the middle, taken in clear weather."
train_477,agriculture clear cultivation habitation primary slash_burn,Offer a succinct explanation of the top-center of the image.,"The top-center of the picture shows a slash-and-burn farming method, leading to major deforestation, evidenced by dark brown or black areas. The clear weather image also includes human activities like agricultural, cultivation areas, habitation, and some primary forest."
train_519,blooming clear primary,Would you please detail the patterned zone located at the bottom-right corner and in the middle of the image?,"Blooming plants, a natural phenomenon in forests, are visible in the top-right of the satellite image, while the rest of the image shows dense primary forest and clear weather."
train_521,bare_ground blow_down clear primary slash_burn,Summarize the visual content of the region in the top-left corner of the image.,"The image illustrates slash-and-burn agriculture, a key cause of deforestation, with dark patches indicating recent burns in the bottom-left and center. The scene, captured in clear weather, also features bare ground, blowing of plants, and primary forest areas."
train_529,blooming clear primary,Please elaborate on the region exhibiting patterns in the image.,"The satellite image highlights blooming plants, a natural forest phenomenon, while the remaining part shows dense primary forest with clear skies."
train_537,blooming clear primary,Provide details about the patterned area found at the right-half side of the image.,"In the right half area of the image, the satellite captures the blooming of plants, a common natural occurrence in forests, with the rest showing dense primary forest and clear weather."
train_544,clear primary selective_logging,Provide details about the activities or features visible in the region at the center of the image.,"The image shows an area under a clear sky, dominated by primary forest. Scattered within the dense forest are several patches of lighter, cleared areas, indicating selective logging activity. These logged areas are relatively small and dispersed, suggesting controlled extraction of timber without extensive deforestation. The majority of the forest canopy remains intact, with the logging sites appearing as minor interruptions in the otherwise continuous greenery. The overall landscape reflects a natural environment with limited human impact."
train_566,blooming clear primary,Describe the patterned area situated in the middle of the image.,"The middle portion of the satellite image reveals plant blooming, a natural forest occurrence, while the other parts feature dense primary forest under clear skies."
train_581,haze primary water,Present a compact description of the key features in the region at the top-center and bottom-left of the image.,"Captured in hazy weather, this image depicts a primary forest. The central-bottom part is densely packed with green trees. A waterway can be seen from the top-center to the bottom-center. Also, there is another small water way in bottom-left of the scene. The haze obscures clear identification of the details."
train_661,agriculture haze primary,Give a short and clear explanation of the designated region in the left and right side of the image.,"The photo shows a primary forest enveloped in haze. Dense greenery is most noticeable in the right side of the image. Also, we can see some human activity like agriculture in left side of the image. "
train_728,agriculture clear cultivation habitation primary road slash_burn,Give a short and clear explanation of the designated region in the center and bottom of the image. ,"In clear weather, the image portrays slash-and-burn and agricultural practice, a major deforestation driver, with dark brown or black patches in the center and the bottom from recent burning. It also includes a road, cultivation, some habitation buildings and some primary forest."
train_746,clear primary road selective_logging,Identify and describe the features present in the top-right corner of the image.,"The image shows an area under a clear sky dominated by dense primary forest. A prominent road cuts through the forest, winding its way across the landscape, spreading from middle-top to center-right, which appears to be linked to selective logging activities. The road is lined with lighter patches where trees have been selectively removed, indicating logging operations along its path. The contrast between the intact forest canopy and the areas of selective logging highlights the human impact on this otherwise natural environment. "
train_871,clear primary road selective_logging,Summarize the visual content of the region in the left side of the image.,"Scattered throughout the forest are narrow, winding roads that appear to be associated with selective logging activities. The roads and lighter patches of cleared land indicate areas where trees have been selectively harvested, leaving most of the forest canopy intact. The selective logging is evident in the left side but not widespread, showing that human impact is present but limited to specific areas along these roads. "
train_994,artisinal_mine partly_cloudy primary water,Present a compact description of the key features in the region in the middle of the image.,This image entirely represents artisinal mining.
train_997,artisinal_mine clear primary road selective_logging water,"Relay a brief, clear account of the bottom-left corner of the image.","The image captures artisinal mining in the left half. Road is visible in the bottom-right, and there's a water area like a river or lake in the left side. This low-resolution photograph of a natural landscape includes some primary forest in the middle, taken on a clear day.
"
train_1087,agriculture clear primary road slash_burn,Share a concise interpretation of the specific part of the image located at the near center-left.,"Showing a slash-and-burn farming practice, a major cause of deforestation, the image has dark areas from recent burns in the center-left. This image clearly illustrates the impact of human activities, such as slash-and-burn agriculture, building a road on the landscape, with visible areas of deforestation and land use change. "
train_1115,artisinal_mine clear primary,"Provide details about the activities or features visible in the region at the center of the image.""","It seems there is artisinal mining activity lays from top-middle to bottom-middle of the image. This image is taken in clear weather, includes some primary forest in the other areas."
train_1163,clear cultivation primary slash_burn,Present a compact description of the key features in the region in the middle near to left and the region in right-center of the image.,"The image portrays the slash-and-burn practice of agriculture, a major deforestation driver, with dark patches from recent burning in the middle near to left and right-center of the area. Clear weather conditions reveal human activity like cultivation and some primary forest."
train_1278,agriculture clear primary slash_burn,"Relay a brief, clear account of the top-left corner of the image.","Depicting slash-and-burn agriculture, a primary cause of deforestation, the image shows dark brown or black patches from recent burns in the top-left. Captured in clear weather, it includes some agricultural areas, and primary forest."
train_1564,agriculture clear habitation primary slash_burn water,Render a clear and concise summary of the center-left and in the middle of the image.,"The image illustrates a slash-and-burn farming technique, leading to deforestation, with dark patches from recent burns in the center-left and middle of the image. In clear weather, the scene also features a water like lake, agriculture, habitation and some primary forest."
train_1879,cultivation partly_cloudy primary selective_logging,Offer a succinct explanation of the image.,"The image shows a partly cloudy sky over a landscape dominated by primary forest. Scattered within the dense forest are signs of selective logging, visible as small, lighter patches where trees have been removed. In the lower left of the image, there are also areas of cultivation, indicating human agricultural activity at the forest's edge. The combination of these features suggests a landscape where selective logging and cultivation are taking place, with most of the primary forest still intact."
train_2238,agriculture clear cultivation primary slash_burn,Identify and describe the classes present in the bottom-right corner of the image.,"The bottom-right area of the image shows a dark brown patch, consistent with recent burning, indicating slash-and-burn agricultural practices. The lighter green and brown areas around the dark patch appear to be agricultural fields. In the top-left part of the image, there is a dense green area, suggesting a section of primary forest. Also, there is cultivation. "
train_2343,blow_down clear primary,Describe the region located at the top-left of the image.,"The image shows a dense forest area with a section where the canopy appears lighter and more open, indicating a possible blowdown event. This area of disruption contrasts with the surrounding forest, where the vegetation remains thick and continuous. The blowdown has created a patch of exposed or damaged trees, which stands out against the darker, undisturbed forest canopy. The overall scene suggests a localized event that has altered the natural forest structure in this specific area."
train_2345,conventional_mine partly_cloudy primary road,Summarize the visual content of the region in the top-left corner of the image.,"The image depicts a landscape with a conventional mining operation where large areas have been cleared, exposing bare earth and creating terraced mining pits. The mine is intersected by a network of roads that facilitate access to different parts of the site. Adjacent to the mining area, patches of primary forest remain, providing a stark contrast between the natural and industrialized sections of the landscape. The partly cloudy skies cast some shadows over the scene, but the overall view clearly shows the impact of the mining activity on the environment. The roads winding through the site and connecting various parts of the operation highlight the scale and intensity of the mining activities."
train_2813,partly_cloudy primary blow_down,Provide a brief description of the area in the top-right corner of the image.,"The image shows a dense forest landscape under partly cloudy skies. The forest canopy appears largely intact, with small signs of disturbance or blowdown visible in this particular section. The clouds cast shadows over portions of the forest, adding some variation in the lighting."
train_2988,bare_ground clear conventional_mine primary road,Give a short and clear explanation of the designated region in the center of the image.,"The image shows a conventional mining operation with extensive areas of bare ground where the earth has been excavated and cleared. The mine features terraced pits and exposed rock, typical of large-scale mining activities. A primary road runs through the site, connecting different sections of the mine and facilitating the movement of materials and machinery. Surrounding the mining area, patches of primary forest remain, contrasting sharply with the disturbed land of the mine. The clear weather conditions provide a clear view of the landscape, highlighting the significant impact of the mining activities on the natural environment. The roads and exposed earth indicate active and ongoing extraction operations."
train_3772,blow_down clear primary,Offer a succinct explanation of the top-center of the image.,"The image shows a forested area with patches of open, lighter green spaces, likely indicating areas of blowdown or natural clearings within the forest. The overall forest canopy appears somewhat disrupted in places, with these lighter patches suggesting that the tree cover is not entirely continuous. The scene presents a landscape where the forest is mixed with open spaces, reflecting a natural environment with some areas potentially affected by wind events or other ecological factors that have created gaps in the area."
train_3897,blow_down clear primary,Summarize the visual content of the region in the middle-left and bottom of the image.,"The image shows a forested area with a relatively dense canopy, though there are noticeable lighter patches scattered throughout. These patches suggest areas where the forest has been disturbed, potentially due to blowdown events. The irregularity of the canopy indicates that the forest cover is not uniform, with some sections being more open or less dense than others. The overall appearance suggests a landscape that has experienced some degree of natural or human-caused disruption, resulting in a mix of dense forest and lighter, more open areas."
train_4497,agriculture partly_cloudy primary blow_down,Give a short and clear explanation of the designated region in the middle-top area of the image.,"The image depicts a forested area under partly cloudy skies, with dense tree cover dominating the scene. There are a few lighter patches within the forest, likely indicative of agriculture or small-scale disturbances where trees have been removed due to the natural phenomen called blow down. The shadows from the clouds above add some variability to the lighting, making it slightly difficult to distinguish between natural canopy gaps and cloud shadows. "
train_4822,blow_down clear primary,Share a concise interpretation of the specific part of the image located at the center.,"The image shows a densely forested area. There are a few subtle, lighter patches scattered across the forest, which may indicate minor disturbances such as natural openings called blow down. The overall forest cover appears largely intact, with no significant clearings or large-scale disruptions visible. The subtle variations in the canopy suggest that the area has experienced minimal human intervention or natural disturbances, maintaining a mostly continuous forest landscape."
train_4850,blow_down clear primary,Present a compact description of the key features in the region at the center of the image.,"The image shows a dense, continuous forest canopy with a few lighter patches scattered throughout, which might indicate minor disturbances such as natural clearings like blow down. The overall forest appears intact and well-preserved, with these lighter areas suggesting localized activities or natural variations within the forest. "
train_4985,agriculture blow_down clear primary,"Relay a brief, clear account of the bottom-center of the image.","The image shows a dense primary forest with a distinct patch in the lower part that appears to have experienced a blowdown event and small agriculture activity. This lighter area contrasts with the surrounding darker forest canopy, suggesting trees have been felled or damaged, creating an open space."
train_5024,clear conventional_mine habitation primary road,Share a detailed interpretation of the specific part of the image located at the bottom.,"The image shows a landscape featuring a conventional mining operation with visible roads and infrastructure. The primary road winds through the area, connecting different parts of the mine and leading to nearby habitation, which is likely associated with the mining activities. The mining site is situated amidst a region of primary forest, with cleared areas where the mining and habitation are concentrated. The clear conditions provide a good view of the contrast between the developed mining areas and the surrounding natural forest. The infrastructure, including roads and buildings, highlights the presence of human activity and its impact on the landscape."
train_5762,agriculture bare_ground clear conventional_mine habitation primary road,Present a compact description of the key features in the region at the left-center of the image.,"The image depicts an area under clear conditions, featuring a conventional mining operation with visible infrastructure, roads, and nearby habitation. The mining site includes areas of bare ground where the earth has been cleared or excavated. There are also signs of agricultural activity, with organized fields or plots visible in the surrounding area. A primary road runs through the scene, connecting the mine to the habitation and agricultural zones, facilitating transportation and access. The combination of these elements?mining, habitation, and agriculture?reflects a landscape that has been significantly altered by human activities. The clear weather allows for an unobstructed view of the entire site, highlighting the impact of development on the natural environment."
train_5793,clear conventional_mine primary water,"Relay a brief, clear account of the top-right corner of the image.","The image shows a large conventional mining operation, characterized by extensive terracing and excavation visible across the landscape. The terraced layers of the mine are clearly defined, indicating the scale and depth of the extraction activities. There are also areas where water has collected, likely in pits or depressions created by the mining process. These water bodies are interspersed among the terraced sections. The surrounding area includes patches of primary forest, though the focus of the image is predominantly on the mining site. The clear weather conditions provide a detailed view of the mining structures and the adjacent natural environment, highlighting the significant alteration of the landscape due to mining activities."
train_5865,conventional_mine haze primary,Render a clear and concise summary of the center-right of the image.,"The image depicts a large conventional mining operation under hazy conditions, which slightly obscure the clarity of the landscape. The mining site is characterized by extensive excavation and terracing, with visible patterns of earth removal and machinery paths winding through the area. Despite the industrial activity, there are patches of primary forest visible within the mining site, indicating areas where natural vegetation still persists amid the extraction activities. The haze reduces visibility somewhat, but the scale of the mining operation and its impact on the landscape are still apparent. The contrast between the mined areas and the remaining forest highlights the environmental transformation caused by the mining activities."
train_6357,conventional_mine partly_cloudy primary,Write a terse but informative summary of the marked area at the bottom of the image.,"The image shows a conventional mining operation adjacent to a dense area of primary forest. The mining site is characterized by cleared land and visible earthmoving activities, where the forest has been removed to make way for the extraction process. The partly cloudy conditions create a mix of sunlight and shadow across the scene, with some clouds partially obscuring parts of the landscape. The contrast between the untouched primary forest and the cleared mining area highlights the environmental impact of the mining activities. The image captures the tension between natural preservation and industrial development."
train_7119,clear conventional_mine primary,"Create a compact narrative representing the region in the middle of the image.""","The image shows a conventional mining site under clear weather conditions. The mine is well-organized with a grid-like pattern of sections where the earth has been excavated or processed. These neatly arranged areas are surrounded by patches of primary forest, which remains intact around the mining site. The contrast between the structured layout of the mining operation and the natural, undisturbed forest highlights the impact of human activity on the environment. The clear conditions provide a detailed view of the mining site, emphasizing the extent of the land alteration within the grid-like excavation pattern."
train_7224,agriculture conventional_mine habitation partly_cloudy primary road,Identify and describe the fategories present in the middle of the image.,"The image likely shows a landscape where agriculture, conventional mining, and habitation coexist, with a road running through the scene. The partly cloudy conditions create a mix of sunlight and shadow, adding depth to the view. The primary forest areas may be present around the edges of the developed zones, providing a contrast between natural and human-modified landscapes. The road likely serves as a key feature, connecting the different elements?agricultural fields, mining areas, and habitation. The overall scene reflects a complex interplay between natural environments and various forms of land use and development."
